Country,Year,Happiness,GINI,Unemployment,Antidepressants,Cluster,Cluster_label
Austria,2015,7.119,30.5,5.802,60.3,0,Cluster 0
Austria,2016,7.006,30.8,6.064,60.5,0,Cluster 0
Austria,2017,7.139,29.7,5.561,61.0,0,Cluster 0
Austria,2018,7.246,30.8,4.933,61.3,0,Cluster 0
Austria,2019,7.29419994354248,30.2,4.56,62.0,0,Cluster 0
Austria,2020,7.268,29.8,5.201,63.2,0,Cluster 0
Belgium,2015,6.929,27.7,8.482,77.5,0,Cluster 0
Belgium,2016,6.891,27.6,7.83,79.0,0,Cluster 0
Belgium,2017,6.927,27.4,7.09,78.8,0,Cluster 0
Belgium,2018,6.923,27.2,5.941,79.7,0,Cluster 0
Belgium,2019,6.86350011825562,27.2,5.364,81.9,0,Cluster 0
Belgium,2020,6.834,26.0,5.545,83.8,0,Cluster 0
Czechia,2015,6.596,25.9,5.048,55.0,0,Cluster 0
Czechia,2016,6.609,25.4,3.952,57.1,0,Cluster 0
Czechia,2017,6.711,24.9,2.893,59.9,0,Cluster 0
Czechia,2018,6.852,25.0,2.246,61.4,0,Cluster 0
Czechia,2019,6.9109001159668,25.3,2.015,64.4,0,Cluster 0
Czechia,2020,6.965,26.2,2.55,65.7,0,Cluster 0
Denmark,2015,7.526,28.2,6.278,77.0,0,Cluster 0
Denmark,2016,7.522,28.2,5.989,76.4,0,Cluster 0
Denmark,2017,7.555,28.7,5.833,75.7,0,Cluster 0
Denmark,2018,7.6,28.2,5.131,76.6,0,Cluster 0
Denmark,2019,7.64559984207153,27.7,5.018,78.3,0,Cluster 0
Denmark,2020,7.62,27.5,5.644,80.7,0,Cluster 0
Estonia,2015,5.517,32.7,6.412,24.8,2,Cluster 2
Estonia,2016,5.611,31.2,6.882,27.2,2,Cluster 2
Estonia,2017,5.739,30.4,5.807,28.8,2,Cluster 2
Estonia,2018,5.893,30.3,5.412,31.9,2,Cluster 2
Estonia,2019,6.02180004119873,30.8,4.514,34.8,2,Cluster 2
Estonia,2020,6.189,30.7,6.956,37.0,2,Cluster 2
Finland,2015,7.413,27.1,9.376,68.3,0,Cluster 0
Finland,2016,7.469,27.1,8.818,67.7,0,Cluster 0
Finland,2017,7.632,27.4,8.64,70.5,0,Cluster 0
Finland,2018,7.769,27.3,7.361,74.9,0,Cluster 0
Finland,2019,7.80870008468628,27.7,6.695,78.3,0,Cluster 0
Finland,2020,7.842,27.1,7.759,81.5,0,Cluster 0
France,2015,6.478,32.7,10.354,51.6,1,Cluster 1
France,2016,6.442,31.9,10.057,51.7,1,Cluster 1
France,2017,6.489,31.6,9.409,51.3,1,Cluster 1
France,2018,6.592,32.4,9.018,51.5,1,Cluster 1
France,2019,6.66379976272583,31.2,8.415,54.4,1,Cluster 1
France,2020,6.69,30.7,8.009,54.5,1,Cluster 1
Germany,2015,6.994,31.4,4.612,56.4,0,Cluster 0
Germany,2016,6.951,31.3,4.104,56.5,0,Cluster 0
Germany,2017,6.965,31.3,3.781,56.9,0,Cluster 0
Germany,2018,6.985,31.9,3.384,58.5,0,Cluster 0
Germany,2019,7.0757999420166,32.2,3.163,60.3,0,Cluster 0
Germany,2020,7.155,32.5,3.881,62.2,0,Cluster 0
Hungary,2015,5.145,30.4,6.813,28.3,2,Cluster 2
Hungary,2016,5.324,30.3,5.115,28.4,2,Cluster 2
Hungary,2017,5.62,30.6,4.156,28.8,2,Cluster 2
Hungary,2018,5.758,30.6,3.667,29.3,2,Cluster 2
Hungary,2019,6.00040006637573,30.6,3.411,29.5,2,Cluster 2
Hungary,2020,5.992,30.6,4.248,30.4,2,Cluster 2
Iceland,2015,7.501,26.8,3.979,125.8,0,Cluster 0
Iceland,2016,7.504,27.2,2.978,133.0,0,Cluster 0
Iceland,2017,7.495,26.1,2.742,138.6,0,Cluster 0
Iceland,2018,7.494,26.6,2.704,142.0,0,Cluster 0
Iceland,2019,7.50449991226196,26.8,3.507,146.0,0,Cluster 0
Iceland,2020,7.554,26.8,5.478,153.4,0,Cluster 0
Italy,2015,5.977,35.4,11.896,39.6,1,Cluster 1
Italy,2016,5.964,35.2,11.688,39.9,1,Cluster 1
Italy,2017,6.0,35.9,11.211,40.4,1,Cluster 1
Italy,2018,6.223,35.2,10.538,41.6,1,Cluster 1
Italy,2019,6.38740015029907,34.6,9.884,42.4,1,Cluster 1
Italy,2020,6.483,35.2,9.192,43.7,1,Cluster 1
Latvia,2015,5.56,34.2,9.873,12.3,1,Cluster 1
Latvia,2016,5.85,34.3,9.643,13.3,1,Cluster 1
Latvia,2017,5.933,35.6,8.715,15.0,1,Cluster 1
Latvia,2018,5.94,35.1,7.412,16.1,1,Cluster 1
Latvia,2019,5.94999980926514,34.5,6.312,17.6,1,Cluster 1
Latvia,2020,6.032,35.7,8.098,19.8,1,Cluster 1
Lithuania,2015,5.813,37.4,9.12,27.9,1,Cluster 1
Lithuania,2016,5.902,38.4,7.862,29.3,1,Cluster 1
Lithuania,2017,5.952,37.3,7.073,32.1,1,Cluster 1
Lithuania,2018,6.149,35.7,6.147,31.3,1,Cluster 1
Lithuania,2019,6.21549987792969,35.3,6.255,35.4,1,Cluster 1
Lithuania,2020,6.255,36.0,8.487,36.8,1,Cluster 1
Netherlands,2015,7.339,28.2,6.872,45.5,0,Cluster 0
Netherlands,2016,7.377,28.2,6.007,45.9,0,Cluster 0
Netherlands,2017,7.441,28.5,4.837,46.2,0,Cluster 0
Netherlands,2018,7.488,28.1,3.832,47.2,0,Cluster 0
Netherlands,2019,7.44890022277832,29.2,3.379,47.9,0,Cluster 0
Netherlands,2020,7.464,26.0,3.82,47.3,0,Cluster 0
Norway,2015,7.498,27.5,4.296,58.0,0,Cluster 0
Norway,2016,7.537,28.5,4.68,57.6,0,Cluster 0
Norway,2017,7.594,27.0,4.164,57.3,0,Cluster 0
Norway,2018,7.554,27.6,3.801,56.2,0,Cluster 0
Norway,2019,7.48799991607666,27.7,3.684,57.9,0,Cluster 0
Norway,2020,7.392,28.4,4.424,58.7,0,Cluster 0
Portugal,2015,5.123,35.5,12.405,95.1,1,Cluster 1
Portugal,2016,5.195,35.2,11.058,99.5,1,Cluster 1
Portugal,2017,5.41,33.8,8.878,103.8,1,Cluster 1
Portugal,2018,5.693,33.5,6.966,109.3,1,Cluster 1
Portugal,2019,5.9109001159668,32.8,6.422,123.7,1,Cluster 1
Portugal,2020,5.929,34.7,6.85,131.0,1,Cluster 1
Slovakia,2015,6.078,26.5,11.492,40.0,2,Cluster 2
Slovakia,2016,6.098,25.2,9.679,38.9,2,Cluster 2
Slovakia,2017,6.173,23.2,8.142,39.4,2,Cluster 2
Slovakia,2018,6.198,25.0,6.544,41.1,2,Cluster 2
Slovakia,2019,6.28060007095337,23.2,5.761,47.6,2,Cluster 2
Slovakia,2020,6.331,24.2,6.719,48.2,2,Cluster 2
Slovenia,2015,5.768,25.4,8.962,56.8,2,Cluster 2
Slovenia,2016,5.758,24.8,8.0,58.6,2,Cluster 2
Slovenia,2017,5.948,24.2,6.564,59.5,2,Cluster 2
Slovenia,2018,6.118,24.6,5.108,61.5,2,Cluster 2
Slovenia,2019,6.36339998245239,24.4,4.446,63.3,2,Cluster 2
Slovenia,2020,6.461,24.0,4.971,63.6,2,Cluster 2
Spain,2015,6.361,36.2,22.057,73.1,1,Cluster 1
Spain,2016,6.403,35.8,19.635,75.5,1,Cluster 1
Spain,2017,6.31,34.7,17.224,77.2,1,Cluster 1
Spain,2018,6.354,34.7,15.255,80.4,1,Cluster 1
Spain,2019,6.40089988708496,34.3,14.104,83.6,1,Cluster 1
Spain,2020,6.491,34.9,15.532,86.9,1,Cluster 1
Sweden,2015,7.291,29.2,7.432,92.5,0,Cluster 0
Sweden,2016,7.284,29.6,6.99,95.0,0,Cluster 0
Sweden,2017,7.314,28.8,6.718,96.9,0,Cluster 0
Sweden,2018,7.343,30.0,6.365,98.7,0,Cluster 0
Sweden,2019,7.35349988937378,29.3,6.833,102.7,0,Cluster 0
Sweden,2020,7.363,28.9,8.291,105.4,0,Cluster 0
United Kingdom,2015,6.725,33.3,5.552,94.2,0,Cluster 0
United Kingdom,2016,6.714,33.1,4.909,100.1,0,Cluster 0
United Kingdom,2017,6.814,32.6,4.501,107.9,0,Cluster 0
United Kingdom,2018,7.054,33.7,4.145,107.9,0,Cluster 0
United Kingdom,2019,7.16450023651123,32.8,3.657,107.9,0,Cluster 0
United Kingdom,2020,7.064,32.7,4.472,107.9,0,Cluster 0
