STRUCTURE,STRUCTURE_ID,STRUCTURE_NAME,freq,Time frequency,unit,Unit of measure,med_spec,Medical speciality,geo,Geopolitical entity (reporting),TIME_PERIOD,Time,OBS_VALUE,Observation value,OBS_FLAG,Observation status (Flag) V2 structure,CONF_STATUS,Confidentiality status (flag)
dataflow,ESTAT:HLTH_RS_SPEC(1.0),Physicians by medical speciality - historical data (1985-2016),A,Annual,P_HTHAB,Per hundred thousand inhabitants,PSY,Psychiatrists,AT,Austria,2015,,17.63,,,,,
dataflow,ESTAT:HLTH_RS_SPEC(1.0),Physicians by medical speciality - historical data (1985-2016),A,Annual,P_HTHAB,Per hundred thousand inhabitants,PSY,Psychiatrists,AT,Austria,2016,,19.01,,,,,
dataflow,ESTAT:HLTH_RS_SPEC(1.0),Physicians by medical speciality - historical data (1985-2016),A,Annual,P_HTHAB,Per hundred thousand inhabitants,PSY,Psychiatrists,AT,Austria,2017,,19.07,,,,,
dataflow,ESTAT:HLTH_RS_SPEC(1.0),Physicians by medical speciality - historical data (1985-2016),A,Annual,P_HTHAB,Per hundred thousand inhabitants,PSY,Psychiatrists,AT,Austria,2019,,20.14,,,,,
dataflow,ESTAT:HLTH_RS_SPEC(1.0),Physicians by medical speciality - historical data (1985-2016),A,Annual,P_HTHAB,Per hundred thousand inhabitants,PSY,Psychiatrists,AT,Austria,2020,,20.72,,,,,
dataflow,ESTAT:HLTH_RS_SPEC(1.0),Physicians by medical speciality - historical data (1985-2016),A,Annual,P_HTHAB,Per hundred thousand inhabitants,PSY,Psychiatrists,BE,Belgium,2015,,17.12,,,,,
dataflow,ESTAT:HLTH_RS_SPEC(1.0),Physicians by medical speciality - historical data (1985-2016),A,Annual,P_HTHAB,Per hundred thousand inhabitants,PSY,Psychiatrists,BE,Belgium,2016,,17.28,,,,,
dataflow,ESTAT:HLTH_RS_SPEC(1.0),Physicians by medical speciality - historical data (1985-2016),A,Annual,P_HTHAB,Per hundred thousand inhabitants,PSY,Psychiatrists,BE,Belgium,2017,,17.27,,,,,
dataflow,ESTAT:HLTH_RS_SPEC(1.0),Physicians by medical speciality - historical data (1985-2016),A,Annual,P_HTHAB,Per hundred thousand inhabitants,PSY,Psychiatrists,BE,Belgium,2018,,17.23,,,,,
dataflow,ESTAT:HLTH_RS_SPEC(1.0),Physicians by medical speciality - historical data (1985-2016),A,Annual,P_HTHAB,Per hundred thousand inhabitants,PSY,Psychiatrists,BE,Belgium,2019,,17.06,,,,,
dataflow,ESTAT:HLTH_RS_SPEC(1.0),Physicians by medical speciality - historical data (1985-2016),A,Annual,P_HTHAB,Per hundred thousand inhabitants,PSY,Psychiatrists,BE,Belgium,2020,,17.18,,,,,
dataflow,ESTAT:HLTH_RS_SPEC(1.0),Physicians by medical speciality - historical data (1985-2016),A,Annual,P_HTHAB,Per hundred thousand inhabitants,PSY,Psychiatrists,BG,Bulgaria,2015,,9.92,,,,,
dataflow,ESTAT:HLTH_RS_SPEC(1.0),Physicians by medical speciality - historical data (1985-2016),A,Annual,P_HTHAB,Per hundred thousand inhabitants,PSY,Psychiatrists,BG,Bulgaria,2016,,9.99,,,,,
dataflow,ESTAT:HLTH_RS_SPEC(1.0),Physicians by medical speciality - historical data (1985-2016),A,Annual,P_HTHAB,Per hundred thousand inhabitants,PSY,Psychiatrists,BG,Bulgaria,2017,,10.25,,,,,
dataflow,ESTAT:HLTH_RS_SPEC(1.0),Physicians by medical speciality - historical data (1985-2016),A,Annual,P_HTHAB,Per hundred thousand inhabitants,PSY,Psychiatrists,BG,Bulgaria,2018,,10.31,,,,,
dataflow,ESTAT:HLTH_RS_SPEC(1.0),Physicians by medical speciality - historical data (1985-2016),A,Annual,P_HTHAB,Per hundred thousand inhabitants,PSY,Psychiatrists,BG,Bulgaria,2019,,10.39,,,,,
dataflow,ESTAT:HLTH_RS_SPEC(1.0),Physicians by medical speciality - historical data (1985-2016),A,Annual,P_HTHAB,Per hundred thousand inhabitants,PSY,Psychiatrists,BG,Bulgaria,2020,,10.22,,,,,
dataflow,ESTAT:HLTH_RS_SPEC(1.0),Physicians by medical speciality - historical data (1985-2016),A,Annual,P_HTHAB,Per hundred thousand inhabitants,PSY,Psychiatrists,CH,Switzerland,2015,,50.41,,,,,
dataflow,ESTAT:HLTH_RS_SPEC(1.0),Physicians by medical speciality - historical data (1985-2016),A,Annual,P_HTHAB,Per hundred thousand inhabitants,PSY,Psychiatrists,CH,Switzerland,2016,,50.89,,,,,
dataflow,ESTAT:HLTH_RS_SPEC(1.0),Physicians by medical speciality - historical data (1985-2016),A,Annual,P_HTHAB,Per hundred thousand inhabitants,PSY,Psychiatrists,CH,Switzerland,2017,,51.72,,,,,
dataflow,ESTAT:HLTH_RS_SPEC(1.0),Physicians by medical speciality - historical data (1985-2016),A,Annual,P_HTHAB,Per hundred thousand inhabitants,PSY,Psychiatrists,CH,Switzerland,2018,,52.31,,,,,
dataflow,ESTAT:HLTH_RS_SPEC(1.0),Physicians by medical speciality - historical data (1985-2016),A,Annual,P_HTHAB,Per hundred thousand inhabitants,PSY,Psychiatrists,CH,Switzerland,2019,,52.37,,,,,
dataflow,ESTAT:HLTH_RS_SPEC(1.0),Physicians by medical speciality - historical data (1985-2016),A,Annual,P_HTHAB,Per hundred thousand inhabitants,PSY,Psychiatrists,CH,Switzerland,2020,,52.73,,,,,
dataflow,ESTAT:HLTH_RS_SPEC(1.0),Physicians by medical speciality - historical data (1985-2016),A,Annual,P_HTHAB,Per hundred thousand inhabitants,PSY,Psychiatrists,CY,Cyprus,2015,,11.21,,,,,
dataflow,ESTAT:HLTH_RS_SPEC(1.0),Physicians by medical speciality - historical data (1985-2016),A,Annual,P_HTHAB,Per hundred thousand inhabitants,PSY,Psychiatrists,CY,Cyprus,2016,,11.74,,,,,
dataflow,ESTAT:HLTH_RS_SPEC(1.0),Physicians by medical speciality - historical data (1985-2016),A,Annual,P_HTHAB,Per hundred thousand inhabitants,PSY,Psychiatrists,CY,Cyprus,2017,,11.52,,,,,
dataflow,ESTAT:HLTH_RS_SPEC(1.0),Physicians by medical speciality - historical data (1985-2016),A,Annual,P_HTHAB,Per hundred thousand inhabitants,PSY,Psychiatrists,CY,Cyprus,2018,,11.61,,,,,
dataflow,ESTAT:HLTH_RS_SPEC(1.0),Physicians by medical speciality - historical data (1985-2016),A,Annual,P_HTHAB,Per hundred thousand inhabitants,PSY,Psychiatrists,CY,Cyprus,2019,,12.81,,,,,
dataflow,ESTAT:HLTH_RS_SPEC(1.0),Physicians by medical speciality - historical data (1985-2016),A,Annual,P_HTHAB,Per hundred thousand inhabitants,PSY,Psychiatrists,CZ,Czechia,2019,,15.63,,be,"break in time series, estimated",,
dataflow,ESTAT:HLTH_RS_SPEC(1.0),Physicians by medical speciality - historical data (1985-2016),A,Annual,P_HTHAB,Per hundred thousand inhabitants,PSY,Psychiatrists,CZ,Czechia,2020,,15.44,,e,estimated,,
dataflow,ESTAT:HLTH_RS_SPEC(1.0),Physicians by medical speciality - historical data (1985-2016),A,Annual,P_HTHAB,Per hundred thousand inhabitants,PSY,Psychiatrists,DE,Germany,2015,,27.25,,,,,
dataflow,ESTAT:HLTH_RS_SPEC(1.0),Physicians by medical speciality - historical data (1985-2016),A,Annual,P_HTHAB,Per hundred thousand inhabitants,PSY,Psychiatrists,DE,Germany,2016,,27.37,,,,,
dataflow,ESTAT:HLTH_RS_SPEC(1.0),Physicians by medical speciality - historical data (1985-2016),A,Annual,P_HTHAB,Per hundred thousand inhabitants,PSY,Psychiatrists,DE,Germany,2017,,27.49,,,,,
dataflow,ESTAT:HLTH_RS_SPEC(1.0),Physicians by medical speciality - historical data (1985-2016),A,Annual,P_HTHAB,Per hundred thousand inhabitants,PSY,Psychiatrists,DE,Germany,2018,,27.72,,,,,
dataflow,ESTAT:HLTH_RS_SPEC(1.0),Physicians by medical speciality - historical data (1985-2016),A,Annual,P_HTHAB,Per hundred thousand inhabitants,PSY,Psychiatrists,DE,Germany,2019,,27.97,,,,,
dataflow,ESTAT:HLTH_RS_SPEC(1.0),Physicians by medical speciality - historical data (1985-2016),A,Annual,P_HTHAB,Per hundred thousand inhabitants,PSY,Psychiatrists,DE,Germany,2020,,28.18,,,,,
dataflow,ESTAT:HLTH_RS_SPEC(1.0),Physicians by medical speciality - historical data (1985-2016),A,Annual,P_HTHAB,Per hundred thousand inhabitants,PSY,Psychiatrists,DK,Denmark,2015,,19.16,,,,,
dataflow,ESTAT:HLTH_RS_SPEC(1.0),Physicians by medical speciality - historical data (1985-2016),A,Annual,P_HTHAB,Per hundred thousand inhabitants,PSY,Psychiatrists,DK,Denmark,2016,,19.10,,,,,
dataflow,ESTAT:HLTH_RS_SPEC(1.0),Physicians by medical speciality - historical data (1985-2016),A,Annual,P_HTHAB,Per hundred thousand inhabitants,PSY,Psychiatrists,DK,Denmark,2017,,19.24,,,,,
dataflow,ESTAT:HLTH_RS_SPEC(1.0),Physicians by medical speciality - historical data (1985-2016),A,Annual,P_HTHAB,Per hundred thousand inhabitants,PSY,Psychiatrists,DK,Denmark,2018,,18.87,,,,,
dataflow,ESTAT:HLTH_RS_SPEC(1.0),Physicians by medical speciality - historical data (1985-2016),A,Annual,P_HTHAB,Per hundred thousand inhabitants,PSY,Psychiatrists,DK,Denmark,2019,,19.16,,,,,
dataflow,ESTAT:HLTH_RS_SPEC(1.0),Physicians by medical speciality - historical data (1985-2016),A,Annual,P_HTHAB,Per hundred thousand inhabitants,PSY,Psychiatrists,EE,Estonia,2015,,18.47,,,,,
dataflow,ESTAT:HLTH_RS_SPEC(1.0),Physicians by medical speciality - historical data (1985-2016),A,Annual,P_HTHAB,Per hundred thousand inhabitants,PSY,Psychiatrists,EE,Estonia,2016,,18.39,,,,,
dataflow,ESTAT:HLTH_RS_SPEC(1.0),Physicians by medical speciality - historical data (1985-2016),A,Annual,P_HTHAB,Per hundred thousand inhabitants,PSY,Psychiatrists,EE,Estonia,2017,,18.45,,,,,
dataflow,ESTAT:HLTH_RS_SPEC(1.0),Physicians by medical speciality - historical data (1985-2016),A,Annual,P_HTHAB,Per hundred thousand inhabitants,PSY,Psychiatrists,EE,Estonia,2018,,19.14,,,,,
dataflow,ESTAT:HLTH_RS_SPEC(1.0),Physicians by medical speciality - historical data (1985-2016),A,Annual,P_HTHAB,Per hundred thousand inhabitants,PSY,Psychiatrists,EE,Estonia,2019,,19.67,,,,,
dataflow,ESTAT:HLTH_RS_SPEC(1.0),Physicians by medical speciality - historical data (1985-2016),A,Annual,P_HTHAB,Per hundred thousand inhabitants,PSY,Psychiatrists,EE,Estonia,2020,,20.46,,,,,
dataflow,ESTAT:HLTH_RS_SPEC(1.0),Physicians by medical speciality - historical data (1985-2016),A,Annual,P_HTHAB,Per hundred thousand inhabitants,PSY,Psychiatrists,EL,Greece,2015,,21.85,,,,,
dataflow,ESTAT:HLTH_RS_SPEC(1.0),Physicians by medical speciality - historical data (1985-2016),A,Annual,P_HTHAB,Per hundred thousand inhabitants,PSY,Psychiatrists,EL,Greece,2016,,22.90,,,,,
dataflow,ESTAT:HLTH_RS_SPEC(1.0),Physicians by medical speciality - historical data (1985-2016),A,Annual,P_HTHAB,Per hundred thousand inhabitants,PSY,Psychiatrists,EL,Greece,2017,,25.46,,,,,
dataflow,ESTAT:HLTH_RS_SPEC(1.0),Physicians by medical speciality - historical data (1985-2016),A,Annual,P_HTHAB,Per hundred thousand inhabitants,PSY,Psychiatrists,EL,Greece,2018,,25.79,,,,,
dataflow,ESTAT:HLTH_RS_SPEC(1.0),Physicians by medical speciality - historical data (1985-2016),A,Annual,P_HTHAB,Per hundred thousand inhabitants,PSY,Psychiatrists,EL,Greece,2019,,26.20,,,,,
dataflow,ESTAT:HLTH_RS_SPEC(1.0),Physicians by medical speciality - historical data (1985-2016),A,Annual,P_HTHAB,Per hundred thousand inhabitants,PSY,Psychiatrists,ES,Spain,2015,,10.56,,d,definition differs (see metadata),,
dataflow,ESTAT:HLTH_RS_SPEC(1.0),Physicians by medical speciality - historical data (1985-2016),A,Annual,P_HTHAB,Per hundred thousand inhabitants,PSY,Psychiatrists,ES,Spain,2016,,10.46,,d,definition differs (see metadata),,
dataflow,ESTAT:HLTH_RS_SPEC(1.0),Physicians by medical speciality - historical data (1985-2016),A,Annual,P_HTHAB,Per hundred thousand inhabitants,PSY,Psychiatrists,ES,Spain,2017,,10.54,,d,definition differs (see metadata),,
dataflow,ESTAT:HLTH_RS_SPEC(1.0),Physicians by medical speciality - historical data (1985-2016),A,Annual,P_HTHAB,Per hundred thousand inhabitants,PSY,Psychiatrists,ES,Spain,2018,,10.93,,d,definition differs (see metadata),,
dataflow,ESTAT:HLTH_RS_SPEC(1.0),Physicians by medical speciality - historical data (1985-2016),A,Annual,P_HTHAB,Per hundred thousand inhabitants,PSY,Psychiatrists,ES,Spain,2019,,11.84,,d,definition differs (see metadata),,
dataflow,ESTAT:HLTH_RS_SPEC(1.0),Physicians by medical speciality - historical data (1985-2016),A,Annual,P_HTHAB,Per hundred thousand inhabitants,PSY,Psychiatrists,ES,Spain,2020,,11.76,,d,definition differs (see metadata),,
dataflow,ESTAT:HLTH_RS_SPEC(1.0),Physicians by medical speciality - historical data (1985-2016),A,Annual,P_HTHAB,Per hundred thousand inhabitants,PSY,Psychiatrists,FI,Finland,2015,,26.57,,,,,
dataflow,ESTAT:HLTH_RS_SPEC(1.0),Physicians by medical speciality - historical data (1985-2016),A,Annual,P_HTHAB,Per hundred thousand inhabitants,PSY,Psychiatrists,FI,Finland,2016,,26.40,,,,,
dataflow,ESTAT:HLTH_RS_SPEC(1.0),Physicians by medical speciality - historical data (1985-2016),A,Annual,P_HTHAB,Per hundred thousand inhabitants,PSY,Psychiatrists,FI,Finland,2017,,26.32,,,,,
dataflow,ESTAT:HLTH_RS_SPEC(1.0),Physicians by medical speciality - historical data (1985-2016),A,Annual,P_HTHAB,Per hundred thousand inhabitants,PSY,Psychiatrists,FI,Finland,2018,,25.87,,,,,
dataflow,ESTAT:HLTH_RS_SPEC(1.0),Physicians by medical speciality - historical data (1985-2016),A,Annual,P_HTHAB,Per hundred thousand inhabitants,PSY,Psychiatrists,FI,Finland,2019,,25.45,,,,,
dataflow,ESTAT:HLTH_RS_SPEC(1.0),Physicians by medical speciality - historical data (1985-2016),A,Annual,P_HTHAB,Per hundred thousand inhabitants,PSY,Psychiatrists,FI,Finland,2020,,25.05,,,,,
dataflow,ESTAT:HLTH_RS_SPEC(1.0),Physicians by medical speciality - historical data (1985-2016),A,Annual,P_HTHAB,Per hundred thousand inhabitants,PSY,Psychiatrists,FR,France,2015,,22.59,,,,,
dataflow,ESTAT:HLTH_RS_SPEC(1.0),Physicians by medical speciality - historical data (1985-2016),A,Annual,P_HTHAB,Per hundred thousand inhabitants,PSY,Psychiatrists,FR,France,2016,,22.71,,,,,
dataflow,ESTAT:HLTH_RS_SPEC(1.0),Physicians by medical speciality - historical data (1985-2016),A,Annual,P_HTHAB,Per hundred thousand inhabitants,PSY,Psychiatrists,FR,France,2017,,22.76,,,,,
dataflow,ESTAT:HLTH_RS_SPEC(1.0),Physicians by medical speciality - historical data (1985-2016),A,Annual,P_HTHAB,Per hundred thousand inhabitants,PSY,Psychiatrists,FR,France,2018,,22.71,,,,,
dataflow,ESTAT:HLTH_RS_SPEC(1.0),Physicians by medical speciality - historical data (1985-2016),A,Annual,P_HTHAB,Per hundred thousand inhabitants,PSY,Psychiatrists,FR,France,2019,,22.86,,,,,
dataflow,ESTAT:HLTH_RS_SPEC(1.0),Physicians by medical speciality - historical data (1985-2016),A,Annual,P_HTHAB,Per hundred thousand inhabitants,PSY,Psychiatrists,FR,France,2020,,22.93,,,,,
dataflow,ESTAT:HLTH_RS_SPEC(1.0),Physicians by medical speciality - historical data (1985-2016),A,Annual,P_HTHAB,Per hundred thousand inhabitants,PSY,Psychiatrists,HR,Croatia,2015,,15.49,,,,,
dataflow,ESTAT:HLTH_RS_SPEC(1.0),Physicians by medical speciality - historical data (1985-2016),A,Annual,P_HTHAB,Per hundred thousand inhabitants,PSY,Psychiatrists,HR,Croatia,2016,,15.53,,,,,
dataflow,ESTAT:HLTH_RS_SPEC(1.0),Physicians by medical speciality - historical data (1985-2016),A,Annual,P_HTHAB,Per hundred thousand inhabitants,PSY,Psychiatrists,HR,Croatia,2017,,16.10,,,,,
dataflow,ESTAT:HLTH_RS_SPEC(1.0),Physicians by medical speciality - historical data (1985-2016),A,Annual,P_HTHAB,Per hundred thousand inhabitants,PSY,Psychiatrists,HR,Croatia,2018,,16.06,,,,,
dataflow,ESTAT:HLTH_RS_SPEC(1.0),Physicians by medical speciality - historical data (1985-2016),A,Annual,P_HTHAB,Per hundred thousand inhabitants,PSY,Psychiatrists,HR,Croatia,2019,,16.79,,,,,
dataflow,ESTAT:HLTH_RS_SPEC(1.0),Physicians by medical speciality - historical data (1985-2016),A,Annual,P_HTHAB,Per hundred thousand inhabitants,PSY,Psychiatrists,HR,Croatia,2020,,16.78,,,,,
dataflow,ESTAT:HLTH_RS_SPEC(1.0),Physicians by medical speciality - historical data (1985-2016),A,Annual,P_HTHAB,Per hundred thousand inhabitants,PSY,Psychiatrists,HU,Hungary,2017,,14.57,,,,,
dataflow,ESTAT:HLTH_RS_SPEC(1.0),Physicians by medical speciality - historical data (1985-2016),A,Annual,P_HTHAB,Per hundred thousand inhabitants,PSY,Psychiatrists,HU,Hungary,2018,,14.95,,,,,
dataflow,ESTAT:HLTH_RS_SPEC(1.0),Physicians by medical speciality - historical data (1985-2016),A,Annual,P_HTHAB,Per hundred thousand inhabitants,PSY,Psychiatrists,HU,Hungary,2019,,15.22,,,,,
dataflow,ESTAT:HLTH_RS_SPEC(1.0),Physicians by medical speciality - historical data (1985-2016),A,Annual,P_HTHAB,Per hundred thousand inhabitants,PSY,Psychiatrists,HU,Hungary,2020,,13.70,,b,break in time series,,
dataflow,ESTAT:HLTH_RS_SPEC(1.0),Physicians by medical speciality - historical data (1985-2016),A,Annual,P_HTHAB,Per hundred thousand inhabitants,PSY,Psychiatrists,IE,Ireland,2015,,16.21,,,,,
dataflow,ESTAT:HLTH_RS_SPEC(1.0),Physicians by medical speciality - historical data (1985-2016),A,Annual,P_HTHAB,Per hundred thousand inhabitants,PSY,Psychiatrists,IE,Ireland,2016,,17.60,,,,,
dataflow,ESTAT:HLTH_RS_SPEC(1.0),Physicians by medical speciality - historical data (1985-2016),A,Annual,P_HTHAB,Per hundred thousand inhabitants,PSY,Psychiatrists,IE,Ireland,2017,,18.08,,,,,
dataflow,ESTAT:HLTH_RS_SPEC(1.0),Physicians by medical speciality - historical data (1985-2016),A,Annual,P_HTHAB,Per hundred thousand inhabitants,PSY,Psychiatrists,IE,Ireland,2018,,16.56,,,,,
dataflow,ESTAT:HLTH_RS_SPEC(1.0),Physicians by medical speciality - historical data (1985-2016),A,Annual,P_HTHAB,Per hundred thousand inhabitants,PSY,Psychiatrists,IE,Ireland,2019,,19.13,,,,,
dataflow,ESTAT:HLTH_RS_SPEC(1.0),Physicians by medical speciality - historical data (1985-2016),A,Annual,P_HTHAB,Per hundred thousand inhabitants,PSY,Psychiatrists,IE,Ireland,2020,,20.62,,,,,
dataflow,ESTAT:HLTH_RS_SPEC(1.0),Physicians by medical speciality - historical data (1985-2016),A,Annual,P_HTHAB,Per hundred thousand inhabitants,PSY,Psychiatrists,IS,Iceland,2015,,22.97,,,,,
dataflow,ESTAT:HLTH_RS_SPEC(1.0),Physicians by medical speciality - historical data (1985-2016),A,Annual,P_HTHAB,Per hundred thousand inhabitants,PSY,Psychiatrists,IS,Iceland,2016,,25.64,,b,break in time series,,
dataflow,ESTAT:HLTH_RS_SPEC(1.0),Physicians by medical speciality - historical data (1985-2016),A,Annual,P_HTHAB,Per hundred thousand inhabitants,PSY,Psychiatrists,IS,Iceland,2017,,23.59,,,,,
dataflow,ESTAT:HLTH_RS_SPEC(1.0),Physicians by medical speciality - historical data (1985-2016),A,Annual,P_HTHAB,Per hundred thousand inhabitants,PSY,Psychiatrists,IS,Iceland,2018,,23.53,,,,,
dataflow,ESTAT:HLTH_RS_SPEC(1.0),Physicians by medical speciality - historical data (1985-2016),A,Annual,P_HTHAB,Per hundred thousand inhabitants,PSY,Psychiatrists,IS,Iceland,2019,,21.08,,,,,
dataflow,ESTAT:HLTH_RS_SPEC(1.0),Physicians by medical speciality - historical data (1985-2016),A,Annual,P_HTHAB,Per hundred thousand inhabitants,PSY,Psychiatrists,IT,Italy,2015,,17.81,,,,,
dataflow,ESTAT:HLTH_RS_SPEC(1.0),Physicians by medical speciality - historical data (1985-2016),A,Annual,P_HTHAB,Per hundred thousand inhabitants,PSY,Psychiatrists,IT,Italy,2016,,17.35,,,,,
dataflow,ESTAT:HLTH_RS_SPEC(1.0),Physicians by medical speciality - historical data (1985-2016),A,Annual,P_HTHAB,Per hundred thousand inhabitants,PSY,Psychiatrists,IT,Italy,2017,,17.40,,,,,
dataflow,ESTAT:HLTH_RS_SPEC(1.0),Physicians by medical speciality - historical data (1985-2016),A,Annual,P_HTHAB,Per hundred thousand inhabitants,PSY,Psychiatrists,IT,Italy,2018,,17.16,,,,,
dataflow,ESTAT:HLTH_RS_SPEC(1.0),Physicians by medical speciality - historical data (1985-2016),A,Annual,P_HTHAB,Per hundred thousand inhabitants,PSY,Psychiatrists,IT,Italy,2019,,17.38,,,,,
dataflow,ESTAT:HLTH_RS_SPEC(1.0),Physicians by medical speciality - historical data (1985-2016),A,Annual,P_HTHAB,Per hundred thousand inhabitants,PSY,Psychiatrists,IT,Italy,2020,,18.30,,,,,
dataflow,ESTAT:HLTH_RS_SPEC(1.0),Physicians by medical speciality - historical data (1985-2016),A,Annual,P_HTHAB,Per hundred thousand inhabitants,PSY,Psychiatrists,LI,Liechtenstein,2015,,32.01,,,,,
dataflow,ESTAT:HLTH_RS_SPEC(1.0),Physicians by medical speciality - historical data (1985-2016),A,Annual,P_HTHAB,Per hundred thousand inhabitants,PSY,Psychiatrists,LI,Liechtenstein,2016,,34.47,,,,,
dataflow,ESTAT:HLTH_RS_SPEC(1.0),Physicians by medical speciality - historical data (1985-2016),A,Annual,P_HTHAB,Per hundred thousand inhabitants,PSY,Psychiatrists,LI,Liechtenstein,2017,,39.51,,,,,
dataflow,ESTAT:HLTH_RS_SPEC(1.0),Physicians by medical speciality - historical data (1985-2016),A,Annual,P_HTHAB,Per hundred thousand inhabitants,PSY,Psychiatrists,LI,Liechtenstein,2018,,36.61,,,,,
dataflow,ESTAT:HLTH_RS_SPEC(1.0),Physicians by medical speciality - historical data (1985-2016),A,Annual,P_HTHAB,Per hundred thousand inhabitants,PSY,Psychiatrists,LI,Liechtenstein,2019,,41.49,,,,,
dataflow,ESTAT:HLTH_RS_SPEC(1.0),Physicians by medical speciality - historical data (1985-2016),A,Annual,P_HTHAB,Per hundred thousand inhabitants,PSY,Psychiatrists,LI,Liechtenstein,2020,,46.27,,,,,
dataflow,ESTAT:HLTH_RS_SPEC(1.0),Physicians by medical speciality - historical data (1985-2016),A,Annual,P_HTHAB,Per hundred thousand inhabitants,PSY,Psychiatrists,LT,Lithuania,2015,,22.48,,,,,
dataflow,ESTAT:HLTH_RS_SPEC(1.0),Physicians by medical speciality - historical data (1985-2016),A,Annual,P_HTHAB,Per hundred thousand inhabitants,PSY,Psychiatrists,LT,Lithuania,2016,,22.70,,,,,
dataflow,ESTAT:HLTH_RS_SPEC(1.0),Physicians by medical speciality - historical data (1985-2016),A,Annual,P_HTHAB,Per hundred thousand inhabitants,PSY,Psychiatrists,LT,Lithuania,2017,,23.72,,,,,
dataflow,ESTAT:HLTH_RS_SPEC(1.0),Physicians by medical speciality - historical data (1985-2016),A,Annual,P_HTHAB,Per hundred thousand inhabitants,PSY,Psychiatrists,LT,Lithuania,2018,,23.31,,,,,
dataflow,ESTAT:HLTH_RS_SPEC(1.0),Physicians by medical speciality - historical data (1985-2016),A,Annual,P_HTHAB,Per hundred thousand inhabitants,PSY,Psychiatrists,LT,Lithuania,2019,,23.26,,,,,
dataflow,ESTAT:HLTH_RS_SPEC(1.0),Physicians by medical speciality - historical data (1985-2016),A,Annual,P_HTHAB,Per hundred thousand inhabitants,PSY,Psychiatrists,LT,Lithuania,2020,,24.76,,,,,
dataflow,ESTAT:HLTH_RS_SPEC(1.0),Physicians by medical speciality - historical data (1985-2016),A,Annual,P_HTHAB,Per hundred thousand inhabitants,PSY,Psychiatrists,LU,Luxembourg,2015,,22.47,,,,,
dataflow,ESTAT:HLTH_RS_SPEC(1.0),Physicians by medical speciality - historical data (1985-2016),A,Annual,P_HTHAB,Per hundred thousand inhabitants,PSY,Psychiatrists,LU,Luxembourg,2016,,22.11,,,,,
dataflow,ESTAT:HLTH_RS_SPEC(1.0),Physicians by medical speciality - historical data (1985-2016),A,Annual,P_HTHAB,Per hundred thousand inhabitants,PSY,Psychiatrists,LU,Luxembourg,2017,,21.46,,,,,
dataflow,ESTAT:HLTH_RS_SPEC(1.0),Physicians by medical speciality - historical data (1985-2016),A,Annual,P_HTHAB,Per hundred thousand inhabitants,PSY,Psychiatrists,LV,Latvia,2015,,15.88,,,,,
dataflow,ESTAT:HLTH_RS_SPEC(1.0),Physicians by medical speciality - historical data (1985-2016),A,Annual,P_HTHAB,Per hundred thousand inhabitants,PSY,Psychiatrists,LV,Latvia,2016,,15.51,,,,,
dataflow,ESTAT:HLTH_RS_SPEC(1.0),Physicians by medical speciality - historical data (1985-2016),A,Annual,P_HTHAB,Per hundred thousand inhabitants,PSY,Psychiatrists,LV,Latvia,2017,,14.67,,,,,
dataflow,ESTAT:HLTH_RS_SPEC(1.0),Physicians by medical speciality - historical data (1985-2016),A,Annual,P_HTHAB,Per hundred thousand inhabitants,PSY,Psychiatrists,LV,Latvia,2018,,16.03,,,,,
dataflow,ESTAT:HLTH_RS_SPEC(1.0),Physicians by medical speciality - historical data (1985-2016),A,Annual,P_HTHAB,Per hundred thousand inhabitants,PSY,Psychiatrists,LV,Latvia,2019,,15.88,,,,,
dataflow,ESTAT:HLTH_RS_SPEC(1.0),Physicians by medical speciality - historical data (1985-2016),A,Annual,P_HTHAB,Per hundred thousand inhabitants,PSY,Psychiatrists,LV,Latvia,2020,,15.47,,,,,
dataflow,ESTAT:HLTH_RS_SPEC(1.0),Physicians by medical speciality - historical data (1985-2016),A,Annual,P_HTHAB,Per hundred thousand inhabitants,PSY,Psychiatrists,ME,Montenegro,2015,,10.93,,,,,
dataflow,ESTAT:HLTH_RS_SPEC(1.0),Physicians by medical speciality - historical data (1985-2016),A,Annual,P_HTHAB,Per hundred thousand inhabitants,PSY,Psychiatrists,ME,Montenegro,2016,,11.41,,,,,
dataflow,ESTAT:HLTH_RS_SPEC(1.0),Physicians by medical speciality - historical data (1985-2016),A,Annual,P_HTHAB,Per hundred thousand inhabitants,PSY,Psychiatrists,ME,Montenegro,2017,,11.25,,,,,
dataflow,ESTAT:HLTH_RS_SPEC(1.0),Physicians by medical speciality - historical data (1985-2016),A,Annual,P_HTHAB,Per hundred thousand inhabitants,PSY,Psychiatrists,ME,Montenegro,2018,,11.41,,,,,
dataflow,ESTAT:HLTH_RS_SPEC(1.0),Physicians by medical speciality - historical data (1985-2016),A,Annual,P_HTHAB,Per hundred thousand inhabitants,PSY,Psychiatrists,ME,Montenegro,2019,,10.61,,,,,
dataflow,ESTAT:HLTH_RS_SPEC(1.0),Physicians by medical speciality - historical data (1985-2016),A,Annual,P_HTHAB,Per hundred thousand inhabitants,PSY,Psychiatrists,ME,Montenegro,2020,,11.43,,,,,
dataflow,ESTAT:HLTH_RS_SPEC(1.0),Physicians by medical speciality - historical data (1985-2016),A,Annual,P_HTHAB,Per hundred thousand inhabitants,PSY,Psychiatrists,MK,North Macedonia,2015,,9.42,,,,,
dataflow,ESTAT:HLTH_RS_SPEC(1.0),Physicians by medical speciality - historical data (1985-2016),A,Annual,P_HTHAB,Per hundred thousand inhabitants,PSY,Psychiatrists,MK,North Macedonia,2016,,8.97,,,,,
dataflow,ESTAT:HLTH_RS_SPEC(1.0),Physicians by medical speciality - historical data (1985-2016),A,Annual,P_HTHAB,Per hundred thousand inhabitants,PSY,Psychiatrists,MK,North Macedonia,2017,,9.16,,,,,
dataflow,ESTAT:HLTH_RS_SPEC(1.0),Physicians by medical speciality - historical data (1985-2016),A,Annual,P_HTHAB,Per hundred thousand inhabitants,PSY,Psychiatrists,MK,North Macedonia,2018,,9.01,,,,,
dataflow,ESTAT:HLTH_RS_SPEC(1.0),Physicians by medical speciality - historical data (1985-2016),A,Annual,P_HTHAB,Per hundred thousand inhabitants,PSY,Psychiatrists,MK,North Macedonia,2019,,9.29,,,,,
dataflow,ESTAT:HLTH_RS_SPEC(1.0),Physicians by medical speciality - historical data (1985-2016),A,Annual,P_HTHAB,Per hundred thousand inhabitants,PSY,Psychiatrists,MK,North Macedonia,2020,,9.55,,,,,
dataflow,ESTAT:HLTH_RS_SPEC(1.0),Physicians by medical speciality - historical data (1985-2016),A,Annual,P_HTHAB,Per hundred thousand inhabitants,PSY,Psychiatrists,MT,Malta,2015,,9.21,,,,,
dataflow,ESTAT:HLTH_RS_SPEC(1.0),Physicians by medical speciality - historical data (1985-2016),A,Annual,P_HTHAB,Per hundred thousand inhabitants,PSY,Psychiatrists,MT,Malta,2016,,9.88,,,,,
dataflow,ESTAT:HLTH_RS_SPEC(1.0),Physicians by medical speciality - historical data (1985-2016),A,Annual,P_HTHAB,Per hundred thousand inhabitants,PSY,Psychiatrists,MT,Malta,2017,,10.68,,,,,
dataflow,ESTAT:HLTH_RS_SPEC(1.0),Physicians by medical speciality - historical data (1985-2016),A,Annual,P_HTHAB,Per hundred thousand inhabitants,PSY,Psychiatrists,MT,Malta,2018,,11.35,,,,,
dataflow,ESTAT:HLTH_RS_SPEC(1.0),Physicians by medical speciality - historical data (1985-2016),A,Annual,P_HTHAB,Per hundred thousand inhabitants,PSY,Psychiatrists,MT,Malta,2019,,11.31,,,,,
dataflow,ESTAT:HLTH_RS_SPEC(1.0),Physicians by medical speciality - historical data (1985-2016),A,Annual,P_HTHAB,Per hundred thousand inhabitants,PSY,Psychiatrists,MT,Malta,2020,,11.06,,,,,
dataflow,ESTAT:HLTH_RS_SPEC(1.0),Physicians by medical speciality - historical data (1985-2016),A,Annual,P_HTHAB,Per hundred thousand inhabitants,PSY,Psychiatrists,NL,Netherlands,2015,,23.08,,,,,
dataflow,ESTAT:HLTH_RS_SPEC(1.0),Physicians by medical speciality - historical data (1985-2016),A,Annual,P_HTHAB,Per hundred thousand inhabitants,PSY,Psychiatrists,NL,Netherlands,2016,,23.35,,,,,
dataflow,ESTAT:HLTH_RS_SPEC(1.0),Physicians by medical speciality - historical data (1985-2016),A,Annual,P_HTHAB,Per hundred thousand inhabitants,PSY,Psychiatrists,NL,Netherlands,2017,,23.68,,,,,
dataflow,ESTAT:HLTH_RS_SPEC(1.0),Physicians by medical speciality - historical data (1985-2016),A,Annual,P_HTHAB,Per hundred thousand inhabitants,PSY,Psychiatrists,NL,Netherlands,2018,,24.23,,,,,
dataflow,ESTAT:HLTH_RS_SPEC(1.0),Physicians by medical speciality - historical data (1985-2016),A,Annual,P_HTHAB,Per hundred thousand inhabitants,PSY,Psychiatrists,NL,Netherlands,2019,,24.24,,,,,
dataflow,ESTAT:HLTH_RS_SPEC(1.0),Physicians by medical speciality - historical data (1985-2016),A,Annual,P_HTHAB,Per hundred thousand inhabitants,PSY,Psychiatrists,NL,Netherlands,2020,,24.73,,,,,
dataflow,ESTAT:HLTH_RS_SPEC(1.0),Physicians by medical speciality - historical data (1985-2016),A,Annual,P_HTHAB,Per hundred thousand inhabitants,PSY,Psychiatrists,NO,Norway,2015,,24.75,,b,break in time series,,
dataflow,ESTAT:HLTH_RS_SPEC(1.0),Physicians by medical speciality - historical data (1985-2016),A,Annual,P_HTHAB,Per hundred thousand inhabitants,PSY,Psychiatrists,NO,Norway,2016,,25.43,,,,,
dataflow,ESTAT:HLTH_RS_SPEC(1.0),Physicians by medical speciality - historical data (1985-2016),A,Annual,P_HTHAB,Per hundred thousand inhabitants,PSY,Psychiatrists,NO,Norway,2017,,25.20,,,,,
dataflow,ESTAT:HLTH_RS_SPEC(1.0),Physicians by medical speciality - historical data (1985-2016),A,Annual,P_HTHAB,Per hundred thousand inhabitants,PSY,Psychiatrists,NO,Norway,2018,,25.89,,,,,
dataflow,ESTAT:HLTH_RS_SPEC(1.0),Physicians by medical speciality - historical data (1985-2016),A,Annual,P_HTHAB,Per hundred thousand inhabitants,PSY,Psychiatrists,NO,Norway,2019,,25.75,,,,,
dataflow,ESTAT:HLTH_RS_SPEC(1.0),Physicians by medical speciality - historical data (1985-2016),A,Annual,P_HTHAB,Per hundred thousand inhabitants,PSY,Psychiatrists,NO,Norway,2020,,25.76,,,,,
dataflow,ESTAT:HLTH_RS_SPEC(1.0),Physicians by medical speciality - historical data (1985-2016),A,Annual,P_HTHAB,Per hundred thousand inhabitants,PSY,Psychiatrists,PL,Poland,2015,,9.01,,,,,
dataflow,ESTAT:HLTH_RS_SPEC(1.0),Physicians by medical speciality - historical data (1985-2016),A,Annual,P_HTHAB,Per hundred thousand inhabitants,PSY,Psychiatrists,PL,Poland,2016,,9.02,,,,,
dataflow,ESTAT:HLTH_RS_SPEC(1.0),Physicians by medical speciality - historical data (1985-2016),A,Annual,P_HTHAB,Per hundred thousand inhabitants,PSY,Psychiatrists,PL,Poland,2017,,9.23,,,,,
dataflow,ESTAT:HLTH_RS_SPEC(1.0),Physicians by medical speciality - historical data (1985-2016),A,Annual,P_HTHAB,Per hundred thousand inhabitants,PSY,Psychiatrists,PT,Portugal,2015,,11.99,,,,,
dataflow,ESTAT:HLTH_RS_SPEC(1.0),Physicians by medical speciality - historical data (1985-2016),A,Annual,P_HTHAB,Per hundred thousand inhabitants,PSY,Psychiatrists,PT,Portugal,2016,,12.38,,,,,
dataflow,ESTAT:HLTH_RS_SPEC(1.0),Physicians by medical speciality - historical data (1985-2016),A,Annual,P_HTHAB,Per hundred thousand inhabitants,PSY,Psychiatrists,PT,Portugal,2017,,12.74,,,,,
dataflow,ESTAT:HLTH_RS_SPEC(1.0),Physicians by medical speciality - historical data (1985-2016),A,Annual,P_HTHAB,Per hundred thousand inhabitants,PSY,Psychiatrists,PT,Portugal,2018,,13.41,,,,,
dataflow,ESTAT:HLTH_RS_SPEC(1.0),Physicians by medical speciality - historical data (1985-2016),A,Annual,P_HTHAB,Per hundred thousand inhabitants,PSY,Psychiatrists,PT,Portugal,2019,,13.58,,,,,
dataflow,ESTAT:HLTH_RS_SPEC(1.0),Physicians by medical speciality - historical data (1985-2016),A,Annual,P_HTHAB,Per hundred thousand inhabitants,PSY,Psychiatrists,PT,Portugal,2020,,14.12,,,,,
dataflow,ESTAT:HLTH_RS_SPEC(1.0),Physicians by medical speciality - historical data (1985-2016),A,Annual,P_HTHAB,Per hundred thousand inhabitants,PSY,Psychiatrists,RO,Romania,2015,,10.56,,,,,
dataflow,ESTAT:HLTH_RS_SPEC(1.0),Physicians by medical speciality - historical data (1985-2016),A,Annual,P_HTHAB,Per hundred thousand inhabitants,PSY,Psychiatrists,RO,Romania,2016,,10.88,,,,,
dataflow,ESTAT:HLTH_RS_SPEC(1.0),Physicians by medical speciality - historical data (1985-2016),A,Annual,P_HTHAB,Per hundred thousand inhabitants,PSY,Psychiatrists,RO,Romania,2017,,11.44,,,,,
dataflow,ESTAT:HLTH_RS_SPEC(1.0),Physicians by medical speciality - historical data (1985-2016),A,Annual,P_HTHAB,Per hundred thousand inhabitants,PSY,Psychiatrists,RO,Romania,2018,,11.88,,,,,
dataflow,ESTAT:HLTH_RS_SPEC(1.0),Physicians by medical speciality - historical data (1985-2016),A,Annual,P_HTHAB,Per hundred thousand inhabitants,PSY,Psychiatrists,RO,Romania,2019,,13.06,,,,,
dataflow,ESTAT:HLTH_RS_SPEC(1.0),Physicians by medical speciality - historical data (1985-2016),A,Annual,P_HTHAB,Per hundred thousand inhabitants,PSY,Psychiatrists,RO,Romania,2020,,14.10,,,,,
dataflow,ESTAT:HLTH_RS_SPEC(1.0),Physicians by medical speciality - historical data (1985-2016),A,Annual,P_HTHAB,Per hundred thousand inhabitants,PSY,Psychiatrists,RS,Serbia,2015,,13.56,,,,,
dataflow,ESTAT:HLTH_RS_SPEC(1.0),Physicians by medical speciality - historical data (1985-2016),A,Annual,P_HTHAB,Per hundred thousand inhabitants,PSY,Psychiatrists,RS,Serbia,2016,,12.82,,b,break in time series,,
dataflow,ESTAT:HLTH_RS_SPEC(1.0),Physicians by medical speciality - historical data (1985-2016),A,Annual,P_HTHAB,Per hundred thousand inhabitants,PSY,Psychiatrists,RS,Serbia,2017,,12.59,,,,,
dataflow,ESTAT:HLTH_RS_SPEC(1.0),Physicians by medical speciality - historical data (1985-2016),A,Annual,P_HTHAB,Per hundred thousand inhabitants,PSY,Psychiatrists,RS,Serbia,2018,,12.13,,,,,
dataflow,ESTAT:HLTH_RS_SPEC(1.0),Physicians by medical speciality - historical data (1985-2016),A,Annual,P_HTHAB,Per hundred thousand inhabitants,PSY,Psychiatrists,RS,Serbia,2020,,11.93,,b,break in time series,,
dataflow,ESTAT:HLTH_RS_SPEC(1.0),Physicians by medical speciality - historical data (1985-2016),A,Annual,P_HTHAB,Per hundred thousand inhabitants,PSY,Psychiatrists,SE,Sweden,2015,,23.15,,,,,
dataflow,ESTAT:HLTH_RS_SPEC(1.0),Physicians by medical speciality - historical data (1985-2016),A,Annual,P_HTHAB,Per hundred thousand inhabitants,PSY,Psychiatrists,SE,Sweden,2016,,23.30,,,,,
dataflow,ESTAT:HLTH_RS_SPEC(1.0),Physicians by medical speciality - historical data (1985-2016),A,Annual,P_HTHAB,Per hundred thousand inhabitants,PSY,Psychiatrists,SE,Sweden,2017,,23.46,,,,,
dataflow,ESTAT:HLTH_RS_SPEC(1.0),Physicians by medical speciality - historical data (1985-2016),A,Annual,P_HTHAB,Per hundred thousand inhabitants,PSY,Psychiatrists,SE,Sweden,2018,,23.43,,,,,
dataflow,ESTAT:HLTH_RS_SPEC(1.0),Physicians by medical speciality - historical data (1985-2016),A,Annual,P_HTHAB,Per hundred thousand inhabitants,PSY,Psychiatrists,SE,Sweden,2019,,22.18,,,,,
dataflow,ESTAT:HLTH_RS_SPEC(1.0),Physicians by medical speciality - historical data (1985-2016),A,Annual,P_HTHAB,Per hundred thousand inhabitants,PSY,Psychiatrists,SI,Slovenia,2015,,12.79,,,,,
dataflow,ESTAT:HLTH_RS_SPEC(1.0),Physicians by medical speciality - historical data (1985-2016),A,Annual,P_HTHAB,Per hundred thousand inhabitants,PSY,Psychiatrists,SI,Slovenia,2016,,13.37,,,,,
dataflow,ESTAT:HLTH_RS_SPEC(1.0),Physicians by medical speciality - historical data (1985-2016),A,Annual,P_HTHAB,Per hundred thousand inhabitants,PSY,Psychiatrists,SI,Slovenia,2017,,13.50,,,,,
dataflow,ESTAT:HLTH_RS_SPEC(1.0),Physicians by medical speciality - historical data (1985-2016),A,Annual,P_HTHAB,Per hundred thousand inhabitants,PSY,Psychiatrists,SI,Slovenia,2018,,14.75,,,,,
dataflow,ESTAT:HLTH_RS_SPEC(1.0),Physicians by medical speciality - historical data (1985-2016),A,Annual,P_HTHAB,Per hundred thousand inhabitants,PSY,Psychiatrists,SI,Slovenia,2019,,15.47,,,,,
dataflow,ESTAT:HLTH_RS_SPEC(1.0),Physicians by medical speciality - historical data (1985-2016),A,Annual,P_HTHAB,Per hundred thousand inhabitants,PSY,Psychiatrists,SI,Slovenia,2020,,16.08,,,,,
dataflow,ESTAT:HLTH_RS_SPEC(1.0),Physicians by medical speciality - historical data (1985-2016),A,Annual,P_HTHAB,Per hundred thousand inhabitants,PSY,Psychiatrists,TR,Türkiye,2015,,4.33,,,,,
dataflow,ESTAT:HLTH_RS_SPEC(1.0),Physicians by medical speciality - historical data (1985-2016),A,Annual,P_HTHAB,Per hundred thousand inhabitants,PSY,Psychiatrists,TR,Türkiye,2016,,4.53,,,,,
dataflow,ESTAT:HLTH_RS_SPEC(1.0),Physicians by medical speciality - historical data (1985-2016),A,Annual,P_HTHAB,Per hundred thousand inhabitants,PSY,Psychiatrists,TR,Türkiye,2017,,4.62,,,,,
dataflow,ESTAT:HLTH_RS_SPEC(1.0),Physicians by medical speciality - historical data (1985-2016),A,Annual,P_HTHAB,Per hundred thousand inhabitants,PSY,Psychiatrists,TR,Türkiye,2018,,5.45,,b,break in time series,,
dataflow,ESTAT:HLTH_RS_SPEC(1.0),Physicians by medical speciality - historical data (1985-2016),A,Annual,P_HTHAB,Per hundred thousand inhabitants,PSY,Psychiatrists,TR,Türkiye,2019,,5.75,,,,,
dataflow,ESTAT:HLTH_RS_SPEC(1.0),Physicians by medical speciality - historical data (1985-2016),A,Annual,P_HTHAB,Per hundred thousand inhabitants,PSY,Psychiatrists,TR,Türkiye,2020,,6.19,,,,,
dataflow,ESTAT:HLTH_RS_SPEC(1.0),Physicians by medical speciality - historical data (1985-2016),A,Annual,P_HTHAB,Per hundred thousand inhabitants,PSY,Psychiatrists,UK,United Kingdom,2015,,18.09,,b,break in time series,,
dataflow,ESTAT:HLTH_RS_SPEC(1.0),Physicians by medical speciality - historical data (1985-2016),A,Annual,P_HTHAB,Per hundred thousand inhabitants,PSY,Psychiatrists,UK,United Kingdom,2016,,17.89,,,,,
dataflow,ESTAT:HLTH_RS_SPEC(1.0),Physicians by medical speciality - historical data (1985-2016),A,Annual,P_HTHAB,Per hundred thousand inhabitants,PSY,Psychiatrists,UK,United Kingdom,2017,,18.04,,,,,
dataflow,ESTAT:HLTH_RS_SPEC(1.0),Physicians by medical speciality - historical data (1985-2016),A,Annual,P_HTHAB,Per hundred thousand inhabitants,PSY,Psychiatrists,UK,United Kingdom,2018,,17.98,,,,,
